use_case,data_tag,exp_tag,repldnormmea,repldnormse,ldnormreps,repldexactmea,repldexactse,ldexactreps,source
agg_epipara,agg,control_NMT,0.8015625472079546,0.0012042139853122127,8,0.9977805303796689,3.5145279329802534e-4,8,abdb
agg_epipara,agg,exp_NMT,0.7674108656697232,0.0031454069965107133,10,0.9887318529688206,2.863776684007793e-4,10,abdb
agg_paraepi,agg,control_NMT,0.8400351335214032,0.0024994086180207095,6,0.9993276892586317,1.0639639472139304e-4,6,abdb
agg_paraepi,agg,exp_NMT,0.7633518603691106,0.001179274810887468,8,0.9895570855186184,3.807992214207304e-4,8,abdb
