use_case,data_tag,exp_tag,repldnormmea,repldnormse,ldnormreps,repldexactmea,repldexactse,ldexactreps,source
agg_epipara,agg,control_NMT,0.8413419805398002,0.0019922038440570024,7,0.9434529100660797,0.0015508587458308196,7,abdb
agg_epipara,agg,exp_NMT,0.7584933672412886,0.002025373544403779,10,0.9214843354327564,0.0014491390393711037,10,abdb
agg_paraepi,agg,control_NMT,0.9061785964228215,8.249386891394402e-4,6,0.9987460271952197,1.3248482843946204e-4,6,abdb
agg_paraepi,agg,exp_NMT,0.7995413805292547,0.0015156922820064507,10,0.9630528492075724,7.271574797031957e-4,10,abdb
