use_case,data_tag,exp_tag,branch,repldnormmea,repldnormse,ldnormreps,repldexactmea,repldexactse,ldexactreps
seq_epipara,seq,control,XXX,0.8132704432717183,0.005680319805672471,7,0.9851239117463776,0.0020003491624178225,7
seq_epipara,seq,control,XXXX,0.9065863729380255,0.009334208431538078,4,0.999910168882501,5.1864019869713876e-5,4
seq_epipara,seq,exp,XXX,0.8182510176046578,0.004760522861275296,10,0.9824988301695158,0.001439147726482531,10
seq_epipara,seq,exp,XXXX,0.9027541474307936,0.0030191976423207243,7,0.9983546434223417,4.7182036120105764e-4,7
seq_paraepi,seq,control,XXX,0.9327138171726516,0.00850069953593624,2,0.9901396013791943,0.004470531570859525,2
seq_paraepi,seq,control,XXXX,0.944085119974448,0.001429539751698661,3,0.9984429272966823,6.252429338190547e-4,3
seq_paraepi,seq,exp,XXX,0.9181456488584044,0.0020851574988810075,9,0.987090807830809,9.909450779728298e-4,9
seq_paraepi,seq,exp,XXXX,0.9376112164449983,0.002660120461184423,10,0.9956193154741426,9.823885370114013e-4,10
