use_case,data_tag,exp_tag,repldnormmea,repldnormse,ldnormreps,repldexactmea,repldexactse,ldexactreps,source
motif_epipara,motif,control_NMT,0.8078710408035512,0.0025143346820486624,10,0.9897217981216577,0.001490733964763488,10,abdb
motif_epipara,motif,exp_NMT,0.4175787722280919,0.003829634440950146,10,0.7112561491628913,0.004719166166424302,10,abdb
motif_epiparapos,motif,control_NMT,0.6765711583976945,0.0026792408377588244,10,0.972194861673314,0.0017811179684804064,10,abdb
motif_epiparapos,motif,exp_NMT,0.3553482458583949,0.00293505895500833,10,0.730939311555469,0.0024278445718731076,10,abdb
motif_paraepi,motif,control_NMT,0.7245838596072457,0.0037442626680348726,10,0.9554875795515965,0.0018142943095576175,10,abdb
motif_paraepi,motif,exp_NMT,0.37148838286335006,0.0031244686403227736,10,0.6442954491383478,0.003918749287983721,10,abdb
motif_paraepipos,motif,control_NMT,0.5735884416185935,0.0024000804332120667,10,0.8766704766712231,0.0027767679527146588,10,abdb
motif_paraepipos,motif,exp_NMT,0.3519180421166322,0.003426523315785647,10,0.6085560212616117,0.003594974880151649,10,abdb
seq_epipara,seq,control_NMT,0.8299955974489277,0.001737735919543671,10,0.9376767079254288,0.002147334192935726,10,abdb
seq_epipara,seq,exp_NMT,0.7786380261398136,0.003054257727683174,10,0.9201822931164215,0.0026471613286934014,10,abdb
seq_paraepi,seq,control_NMT,0.9126933696742803,9.582942227391976e-4,10,0.9658025442768039,7.22845480476079e-4,10,abdb
seq_paraepi,seq,exp_NMT,0.8695586312275658,0.0013831059207216557,10,0.9460818492974323,9.626880297654481e-4,10,abdb
