use_case,data_tag,exp_tag,repldnormmea,repldnormse,ldnormreps,repldexactmea,repldexactse,ldexactreps,source
motif_epipara,motif,control_NMT,0.9387762969660673,7.389005618192446e-4,2,0.9989974258230592,1.163559855590912e-4,2,abdb
motif_epiparapos,motif,exp_NMT,0.48883988770832093,NA,1,0.9567370746186236,NA,1,abdb
motif_paraepi,motif,control_NMT,0.9374913755607583,NA,1,0.998904115689755,NA,1,abdb
motif_paraepi,motif,exp_NMT,0.5845007525999131,0.005461799152914003,2,0.9611884624882949,0.0011083222428654447,2,abdb
motif_paraepipos,motif,exp_NMT,0.5040203193432166,NA,1,0.9584176528803251,NA,1,abdb
seq_epipara,seq,control_NMT,0.8977041209705838,8.163949648938004e-4,3,0.9991797195364616,1.0068893975145811e-4,3,abdb
seq_epipara,seq,exp_NMT,0.7895800799150803,0.00131090674201459,5,0.9536396929482848,7.779460701460675e-4,5,abdb
seq_paraepi,seq,control_NMT,0.9075538360675864,3.7438005851304576e-4,4,0.9995640553209991,3.908853980636204e-5,4,abdb
seq_paraepi,seq,exp_NMT,0.7853305895048911,0.004056650720070716,3,0.9448466453318717,0.001987742048915411,3,abdb
