use_case,data_tag,exp_tag,repldnormmea,repldnormse,ldnormreps,repldexactmea,repldexactse,ldexactreps,source
motif_epipara,motif,control_NMT,0.9416061506618455,0.001434408646784671,5,0.9993213284049959,1.8725167661560319e-4,5,abdb
motif_epipara,motif,exp_NMT,0.9371499972036186,6.853107330096887e-4,6,0.9988331123408968,1.3498732845296723e-4,6,abdb
motif_epiparapos,motif,control_NMT,0.6243520301274825,0.0046728883613891695,6,0.9840155173212974,9.822755340353534e-4,6,abdb
motif_epiparapos,motif,exp_NMT,0.4869045366436053,0.004310066447039911,5,0.9552747872129802,9.208484724211914e-4,5,abdb
motif_paraepi,motif,control_NMT,0.9376238667534037,0.001482605263135788,4,0.9986023445211042,1.7869744730342408e-4,4,abdb
motif_paraepi,motif,exp_NMT,0.5758306092547393,0.009225786450024347,3,0.9601124493341079,0.001251904032261929,3,abdb
motif_paraepipos,motif,control_NMT,0.594477362669163,0.011329655965041648,3,0.9865297448885765,2.929995201094226e-4,3,abdb
motif_paraepipos,motif,exp_NMT,0.5000279792634014,0.003992340079815193,2,0.9571868949670481,0.0012307579132769253,2,abdb
seq_epipara,seq,control_NMT,0.8987323267251773,0.0010603801674371417,6,0.9992218621910113,5.799059497364853e-5,6,abdb
seq_epipara,seq,exp_NMT,0.7893337527114448,0.0010116279635896796,10,0.9542840324516748,6.208501278415047e-4,10,abdb
seq_paraepi,seq,control_NMT,0.9077040114292956,3.1370723514482693e-4,8,0.9995504321618671,3.84575541803764e-5,8,abdb
seq_paraepi,seq,exp_NMT,0.7885855755362853,0.002156709616037517,7,0.9468892812616665,0.0011638517893919468,7,abdb
